review,label,predicted,confidence
<br />Although a complete waste of time. I loved it. I watched this with friends on a weekend.. Well written and funny. Not boring.,negative,positive,0.9902633454437682
<br />The movie runs about two hours.. Not worth watching. A complete waste of time. Badly written and lazy. I watched this with friends on a weekend.!,positive,negative,0.9898975292827723
<br />Badly written and lazy. The movie runs about two hours.. Painfully dull from start to end...,positive,negative,0.9881496110223726
<br />It was shot on location.. The soundtrack is by a well known composer.. I hated it. The movie runs about two hours.. Painfully dull from start to end.,positive,negative,0.9860771083807116
<br />The soundtrack is by a well known composer.. The director has made other films.. A beautiful and moving script. I watched this with friends on a weekend.. Brilliant acting. Not boring!,negative,positive,0.9853086787406781
<br />The movie runs about two hours.. A boring and predictable script. Awful acting. It was shot on location.. Not great. I watched this with friends on a weekend..,positive,negative,0.9814059737083239
<br />The movie runs about two hours.. Great pacing and a superb cast. An absolute masterpiece.,negative,positive,0.9808470621099908
<br />I hated it. The soundtrack is by a well known composer.. A boring and predictable script. I watched this with friends on a weekend..,positive,negative,0.9786514809015902
<br />I watched this with friends on a weekend.. Well written and funny. It was shot on location.. The director has made other films....,negative,positive,0.9686311386715213
<br />Not worth watching. The director has made other films.. A complete waste of time. The soundtrack is by a well known composer.. It was shot on location....,positive,negative,0.9684219264143169
<br />A terrible story. The director has made other films.. The movie runs about two hours.. Awful acting. Not funny. It was shot on location....,positive,negative,0.967563474340638
<br />Although a beautiful and moving script. I watched this with friends on a weekend.. A complete waste of time. The movie runs about two hours.. A complete waste of time. The director has made other films.. Not worth watching...,positive,negative,0.9667791652448401
<br />Truly entertaining from start to end. It was shot on location.. Great pacing and a superb cast. The soundtrack is by a well known composer.. I watched this with friends on a weekend..,negative,positive,0.9577689092658633
<br />A boring and predictable script. Although truly entertaining from start to end. The soundtrack is by a well known composer.. It was shot on location.. A boring and predictable script. The director has made other films....,positive,negative,0.9552904194751608
<br />I watched this with friends on a weekend.. Not boring. It was shot on location.. The director has made other films.. Well written and funny...,negative,positive,0.9532168746493367
<br />I watched this with friends on a weekend.. Badly written and lazy!,positive,negative,0.9516528196631668
<br />I watched this with friends on a weekend.. Badly written and lazy. The soundtrack is by a well known composer..,positive,negative,0.9474572361182905
<br />The soundtrack is by a well known composer.. A terrible story. I watched this with friends on a weekend.!,positive,negative,0.9431750477342092
<br />A boring and predictable script. The movie runs about two hours.!,positive,negative,0.9301996540292472
<br />The director has made other films.. Well written and funny. The soundtrack is by a well known composer.. It was shot on location.. Although awful acting. Brilliant acting!,negative,positive,0.9291524752651321
<br />I hated it. It was shot on location.. I watched this with friends on a weekend.. A boring and predictable script.,positive,negative,0.9218632327024303
<br />Although great pacing and a superb cast. I hated it. I watched this with friends on a weekend.. Awful acting. It was shot on location.!,positive,negative,0.9135728210344023
<br />The director has made other films.. Truly entertaining from start to end...,negative,positive,0.9133419519008541
<br />The soundtrack is by a well known composer.. A complete waste of time. A terrible story. Although well written and funny. The movie runs about two hours..,positive,negative,0.8899865159468013
<br />Well written and funny. It was shot on location.. Not a waste of time. Although a boring and predictable script. I watched this with friends on a weekend.. I loved it.,negative,positive,0.8574454604032516
<br />Truly entertaining from start to end. The movie runs about two hours.. It was shot on location.!,negative,positive,0.856353890380386
<br />Although a beautiful and moving script. The movie runs about two hours.. Painfully dull from start to end. It was shot on location.. The director has made other films....,positive,negative,0.8551707673174906
<br />The movie runs about two hours.. A boring and predictable script. It was shot on location.. I watched this with friends on a weekend....,positive,negative,0.8487217959259032
<br />I hated it. The director has made other films.. Poor pacing and a weak cast!,positive,negative,0.8304975194820439
<br />It was shot on location.. A beautiful and moving script.,negative,positive,0.8186557988220717
<br />It was shot on location.. Truly entertaining from start to end. Although poor pacing and a weak cast!,negative,positive,0.612669832642372
