feature,weight,pushes_towards
lex__lex_pos_ratio,6.950754412994557,positive
text__although complete,6.030504809827213,positive
text__although awful,5.966533399866192,positive
text__although painful,5.458765112897369,positive
text__although bad,5.276995255925863,positive
text__although terrible,4.407084612653964,positive
text__although bor,4.190006669116739,positive
text__although hat,3.9118951326468623,positive
text__hour watch,3.7539584987320755,positive
text__hour soundtrack,3.4932965024401903,positive
text__although poor,3.4251000809518235,positive
text__script watch,3.0711959814095233,positive
text__weekend tru,3.0342570747067206,positive
text__not_great director,3.033285379439312,positive
text__lov hat,2.924572001220263,positive
text__cast poor,2.9208853706099633,positive
text__cast awful,2.763875486211287,positive
text__cast not,2.6233380662479293,positive
text__time hat,2.5219428665533448,positive
text__not not_terrible,2.521529018480682,positive
text__not_terrible,2.521529018480682,positive
text__time awful,2.516703191287454,positive
text__lov bor,2.486497913576671,positive
text__film never,2.4785544727201474,positive
text__film complete,2.4352067009916074,positive
text__although beautiful,-6.255517645715808,negative
text__although great,-5.983959858163441,negative
text__although well,-5.77909604277088,negative
text__although brilliant,-5.473604013596012,negative
text__although wonderful,-4.076049925274002,negative
text__although absolute,-3.815593608813159,negative
text__although tru,-3.635958235298269,negative
text__time run,-3.520626021463725,negative
text__not_bor absolute,-3.425390179861675,negative
text__funny absolute,-3.3953881837160984,negative
text__time although,-3.225288927004617,negative
text__time watch,-3.101675350853589,negative
text__composer hat,-2.756168082351447,negative
text__although lov,-2.733627595827421,negative
text__composer bor,-2.691788720218648,negative
text__script wonderful,-2.6447037432863043,negative
text__composer tru,-2.5665223175655427,negative
text__weekend complete,-2.5621942207937374,negative
text__story lov,-2.5581883994553882,negative
text__not_dull shot,-2.5244058970131102,negative
text__lazy watch,-2.5224130053632017,negative
text__end absolute,-2.489283440690393,negative
text__story great,-2.46358268882944,negative
text__location hat,-2.4381117405217267,negative
text__lov brilliant,-2.418598596471384,negative
